w1.jpg,5
w2.jpg,5
w3.jpg,8
w4.jpg,6
w5.jpg,9
w6.jpg,10
download_jpeg.rf.4c257c3374a04c3e56121c0dba4b540a.jpg,2
images--21-_jpeg.rf.2cce83463c288071183cd7e07f382443.jpg,4
images--12-_jpeg.rf.21051e13a6578d13299c7389cef4811f.jpg,5
download--1-_jpeg.rf.d6f606840c04fabfc197338d27a3449b.jpg,6
images--23-_jpeg.rf.71b647a9f2e82ab082b02954de920309.jpg,6
purepng_png.rf.43dd002d419bd25ab5405570c5684b9d.jpg,6
images--2-_jpeg.rf.831db6ae1e6331d02765d992f730c2bd.jpg,7
800px_COLOURBOX4564622-4195866034_jpg.rf.97c93fa207c2ec477feb6a38ff4f9133.jpg,9
0003338340240_A-2372935091_jpg.rf.7fdf1f4e592aa52edd18cf90ab6a3b39.jpg,1
0003338340240_A-2372935091_jpg.rf.81cc5ba4ef66f757f42f78c4f0441306.jpg,1
0003338340240_A-2372935091_jpg.rf.88e743fa650e1253c51fd1c93d7a2f43.jpg,1
images--3-_jpeg.rf.2b7fe579e5fef58766af824869ca864c.jpg,1
images--3-_jpeg.rf.2c89190c3c00ff4bc59948c2b0010a74.jpg,1
images--3-_jpeg.rf.8a0f93f697fd57932a950ca6620457d5.jpg,1
images--14-_jpeg.rf.402b185b8093455e211ecad9a98ea396.jpg,2
images--14-_jpeg.rf.b973db1d58a73b66cc428459d54ab185.jpg,2
images--14-_jpeg.rf.ed91aea54bad4b37c733ce03bccc39a1.jpg,2
images--20-_jpeg.rf.a9cd8a445fe3eb6eba5ad8da76301ad2.jpg,2
images--20-_jpeg.rf.c9a4dee54f70699a8e58f7f59e8defcf.jpg,2
images--20-_jpeg.rf.c92366185835c978660950f471eefbd4.jpg,2
images--22-_jpeg.rf.258f7fb2724e72eb2d09877046db19a0.jpg,2
images--22-_jpeg.rf.27101d8d01ed83111fc525d00fbac45d.jpg,2
images--22-_jpeg.rf.f6de142a21ec40aaf8ec71731984d326.jpg,2
single-whole-watermelon-green-25430930-2981742132_jpg.rf.5e41822a141ae2036e5c5a7dbecf1998.jpg,2
single-whole-watermelon-green-25430930-2981742132_jpg.rf.91991c0eea594e696529d9d36430c9f2.jpg,2
single-whole-watermelon-green-25430930-2981742132_jpg.rf.f2f3f20cc6e6150f978e1f4506d1d60e.jpg,2
watermelon-isolated-on-white-picture-id1142667664-554316966_jpg.rf.9666cae66c091d5bde130138f17df3d3.jpg,2
watermelon-isolated-on-white-picture-id1142667664-554316966_jpg.rf.e3d616325d1a8871824c20f2676b1668.jpg,2
watermelon-isolated-on-white-picture-id1142667664-554316966_jpg.rf.f4a66265891b32dca400370e74ee5eee.jpg,2
full-single-striped-green-watermelon-10810269-3375793879_jpg.rf.94983ae4dcd171920d3bb45ae5819e3b.jpg,3
full-single-striped-green-watermelon-10810269-3375793879_jpg.rf.660042e0cf124422085c83d8eef51d65.jpg,3
full-single-striped-green-watermelon-10810269-3375793879_jpg.rf.ee4eac4582f37e73a09ac4b946daad18.jpg,3
images--5-_jpeg.rf.8a9b3bc894edd14e74b9755d79898301.jpg,3
images--5-_jpeg.rf.65d658121bd17fa1b80fe2aaadca30e1.jpg,3
images--5-_jpeg.rf.f4d507f952350acc6b7d80eeca93e1c5.jpg,3
images--15-_jpeg.rf.0ad4134d6d9a1ebb4db0dbe43bcfdcc7.jpg,3
images--15-_jpeg.rf.18b7b5b5715ab45745fcb8db9fdd71fe.jpg,3
images--15-_jpeg.rf.870e09819ff1e0754d1c3d6e39b956e4.jpg,3
images--25-_jpeg.rf.7763a20e99b4213f00ec1fc5c2ca5507.jpg,3
images--25-_jpeg.rf.a6ab5e43aa97f895e203d1af4a3879ad.jpg,3
images--25-_jpeg.rf.ed68deb38f8bc5ad5f8a0e2b4ae1dc8d.jpg,3
one-big-striped-watermelon-26281560-3244985585_jpg.rf.05f7dc9047daacd9d302628b6a2c1056.jpg,3
one-big-striped-watermelon-26281560-3244985585_jpg.rf.8a51f283a8e06b2a8f6363230ae3b966.jpg,3
one-big-striped-watermelon-26281560-3244985585_jpg.rf.a4f690b5760a7ff13f31444e46e7d8ad.jpg,3
watermelon-3938684688_jpg.rf.6cdc628c99636cb6483fe236772660cf.jpg,3
watermelon-3938684688_jpg.rf.84ca5f8988c2dae2f6ab4fa6daf4412e.jpg,3
watermelon-3938684688_jpg.rf.dbf809fe178fabc46ffb3bf6268b7df4.jpg,3
watermelon-hybrid-1779566640_png.rf.3e9539d6e30b809dab5194a567c7fcc3.jpg,3
watermelon-hybrid-1779566640_png.rf.8e462ffc1807dab51456bbb23afd56ed.jpg,3
watermelon-hybrid-1779566640_png.rf.a25b0adefa3bfdf6ed9b5bf972dd0d15.jpg,3
360_F_498554787_xqscKvUMgiKWhSsjcZXJoDuUoN6lQKOa_jpeg.rf.4d2f9d624f5094ff95474bf74447e024.jpg,4
360_F_498554787_xqscKvUMgiKWhSsjcZXJoDuUoN6lQKOa_jpeg.rf.10ccc9958c04372e3ac9775f0f914259.jpg,4
360_F_498554787_xqscKvUMgiKWhSsjcZXJoDuUoN6lQKOa_jpeg.rf.a5a74506b5e6be949d83ca2ea6dddfe0.jpg,4
211134-3363344589_jpg.rf.0f264a6c2429dfcbb2c09c961597d4e1.jpg,4
211134-3363344589_jpg.rf.2fd01d15c749568ec58f265e9a6a0871.jpg,4
211134-3363344589_jpg.rf.cd45910cb49ebd3e6c2df569c73ff7fc.jpg,4
download--3-_jpeg.rf.36c5837e27c7091626315201eaaa46d3.jpg,4
download--3-_jpeg.rf.094af485f00421b6311507d35061bf29.jpg,4
download--3-_jpeg.rf.fbc5033c85fdaf91c8425971749e3f2b.jpg,4
full-watermelon-6322125-30672710_jpg.rf.3dccfc642db01c54d57c3d1d6791a8ef.jpg,4
full-watermelon-6322125-30672710_jpg.rf.14b9c0c6e8bf3f761dbb0ef98f397357.jpg,4
full-watermelon-6322125-30672710_jpg.rf.62c5a81b4dfc7c4024dc0c97c41b9325.jpg,4
images--7-_jpeg.rf.16e388663e10f83e1d71d35d0da4b0ed.jpg,4
images--7-_jpeg.rf.c91cffcd65649bd0ce558d3b8d0a192a.jpg,4
images--7-_jpeg.rf.d6730a788a2af4ea930620c43cd7c18b.jpg,4
images--10-_jpeg.rf.8da7427122f21734542e1a8de640e5ef.jpg,4
images--10-_jpeg.rf.23fa78f8b0aa97bac89afd2e1ee0b374.jpg,4
images--10-_jpeg.rf.270cd7e4a9466ede33c854e29f718077.jpg,4
images--13-_jpeg.rf.3ab6e8fa8e553f1075d2bd99f44032f5.jpg,4
images--13-_jpeg.rf.7a75fea8478567fd9ac9a6c3b274f12c.jpg,4
images--13-_jpeg.rf.f001956793c6e10f3cbd37f97ebfd78c.jpg,4
depositphotos_3387778-stock-photo-one-watermelon-3165669467_jpg.rf.8b6d4941b5bb55bfed13ea93e1e0a700.jpg,5
depositphotos_3387778-stock-photo-one-watermelon-3165669467_jpg.rf.7800434c650b34198e6783f874e70d5f.jpg,5
depositphotos_3387778-stock-photo-one-watermelon-3165669467_jpg.rf.e707ce354d6ff1fa09f31615f688aa78.jpg,5
download--2-_jpeg.rf.3dc95f6c1c81a0ef153a10b85d9a123d.jpg,5
download--2-_jpeg.rf.9baf2062357fdbbdd305e21eb2310783.jpg,5
download--2-_jpeg.rf.edd31e3922738142c9b9cc34cbb79299.jpg,5
images--18-_jpeg.rf.7f39a6c9c4fc5e894cf2bd64f6532126.jpg,5
images--18-_jpeg.rf.bbb952eb5f756f006ec890ff04db7b1b.jpg,5
images--18-_jpeg.rf.ef518ca70a4d6fc1b589f718fc0bc568.jpg,5
images--24-_jpeg.rf.79ac8dd55e3066214b755e7406887df5.jpg,5
images--24-_jpeg.rf.0726344efcbc4aab194585ee01db0094.jpg,5
images--24-_jpeg.rf.938941f3eee37110ec0737bdafdb533e.jpg,5
s988221189447504472_p71_i1_w640-1946974066_png.rf.2326b5e285fe7ad3a9f1a9a533260ccd.jpg,5
s988221189447504472_p71_i1_w640-1946974066_png.rf.f13e4e172b2958d31b3475aaedd9eb29.jpg,5
s988221189447504472_p71_i1_w640-1946974066_png.rf.f465e289279cd8dd62a43169e667bd44.jpg,5
single-whole-watermelon-isolated-white-background-whole-watermelon-isolated-126300752-2347792824_jpg.rf.091b81c85e06d98f69662f9907be26e7.jpg,5
single-whole-watermelon-isolated-white-background-whole-watermelon-isolated-126300752-2347792824_jpg.rf.95378f1d5ad2e9ac4896c8401c9da443.jpg,5
single-whole-watermelon-isolated-white-background-whole-watermelon-isolated-126300752-2347792824_jpg.rf.b8aec8da5541fe8db1f92eeaa088b89b.jpg,5
whole-watermelon-352313918_png.rf.1aada4fc87f469a3b2c63ea6353fae36.jpg,5
whole-watermelon-352313918_png.rf.02cc5f5bd19fac4d11bbe44229703623.jpg,5
whole-watermelon-352313918_png.rf.69a41cdd83df284b43c0369d4ea3a3c3.jpg,5
How-to-Grow-Watermelon_-7-Tips-for-Growing-Watermelon-12-1-1067733333_jpg.rf.036d627fcafb01c438f5c86b6e97aa4f.jpg,6
How-to-Grow-Watermelon_-7-Tips-for-Growing-Watermelon-12-1-1067733333_jpg.rf.69c1090af303afc8e56e7b33879b648b.jpg,6
How-to-Grow-Watermelon_-7-Tips-for-Growing-Watermelon-12-1-1067733333_jpg.rf.919225e56cc8b322d274318804e42be4.jpg,6
images--6-_jpeg.rf.2c8673676ceec08c47d4cf4531f4e349.jpg,6
images--6-_jpeg.rf.118e89caa237c5fdf80a3ca10fd84574.jpg,6
images--6-_jpeg.rf.c2c2af25b86186d5531674b972c4c146.jpg,6
images--9-_jpeg.rf.b16b9b357997a1243af72239b4093638.jpg,6
images--9-_jpeg.rf.cc690e6b9763723bba144c3189046826.jpg,6
images--9-_jpeg.rf.e1e4be3f2e0cef569fa468a894f03523.jpg,6
images--11-_jpeg.rf.3478b6cecc9b35866c0a40adf4260faf.jpg,6
images--11-_jpeg.rf.488343e1c520ca7d5a5bd3122ddd8a15.jpg,6
images--11-_jpeg.rf.18034694abf12620bf8fed89b5fdc515.jpg,6
1--2462430106_jpg.rf.8dbd81f4953e216ecf69f9a375f098c8.jpg,7
1--2462430106_jpg.rf.237cadadc20d1e9669f89606668cc1cc.jpg,7
1--2462430106_jpg.rf.42196c976e9570cecca8e7d795ebfd5c.jpg,7
depositphotos_6643886-stock-photo-one-full-single-striped-green-1758871496_jpg.rf.41b3c4df32f9644e0eed56885aafab0a.jpg,7
depositphotos_6643886-stock-photo-one-full-single-striped-green-1758871496_jpg.rf.89279bb63d379c620a7ee33e2d23b2c4.jpg,7
depositphotos_6643886-stock-photo-one-full-single-striped-green-1758871496_jpg.rf.cfc0584dce6950d5a29dcda95d793a3d.jpg,7
images--17-_jpeg.rf.0b9ec25a7f5a57de11de6fe523df176f.jpg,7
images--17-_jpeg.rf.6839e058d6032b7d70176789b5582e1c.jpg,7
images--17-_jpeg.rf.a3dfe5ede72e4c96bbd252e0c1ece01b.jpg,7
shutterstock-yellow-spot-africa-studio-102522-1486083679_jpeg.rf.8f7b76f0f9203ee6e154194ab0b60a7b.jpg,7
shutterstock-yellow-spot-africa-studio-102522-1486083679_jpeg.rf.57ebd1bad8e304afc66c9a3dcb7390dc.jpg,7
shutterstock-yellow-spot-africa-studio-102522-1486083679_jpeg.rf.c8c4500534e71dff4c712b92b3afc720.jpg,7
images_jpeg.rf.228d05b1ec230efb191c398418179026.jpg,8
images_jpeg.rf.f2977cd8f375b9dda820d1a9dc5a227f.jpg,8
images_jpeg.rf.fbaeb702a3204286e939294bf8c14fc3.jpg,8
large-fresh-ripe-whole-watermelon-white-isolated-background-126646862-1468150133_jpg.rf.53eae844b8300b2286c9fb34f5fb00c1.jpg,8
large-fresh-ripe-whole-watermelon-white-isolated-background-126646862-1468150133_jpg.rf.ae15632a67f3b36dc8f69ed7a4b6c762.jpg,8
large-fresh-ripe-whole-watermelon-white-isolated-background-126646862-1468150133_jpg.rf.ebf7ee9807b5e879fb11cd39b167fd2e.jpg,8
single-watermelon-white-background-71377698-3106086975_jpg.rf.13e5283e8abf9318f736edd17b964692.jpg,8
single-watermelon-white-background-71377698-3106086975_jpg.rf.89193d1ba92d97fb2db0151b987f24be.jpg,8
single-watermelon-white-background-71377698-3106086975_jpg.rf.dd44f9bad5fc05e817d3bdfe8c350ca7.jpg,8
Watermelon-1666549810_jpg.rf.4926f2ecf484de5586a38908517319d4.jpg,8
Watermelon-1666549810_jpg.rf.e310dd1b40ac532bde7d214e44235899.jpg,8
Watermelon-1666549810_jpg.rf.f4da2584966e7752ac9b0c494d7d6d20.jpg,8
images--8-_jpeg.rf.7e452daa0d4b557005e0d4c35434f169.jpg,9
images--8-_jpeg.rf.19053ddad7a271859a417fc63804c7e2.jpg,9
images--8-_jpeg.rf.75490612f53b546eb0a0742b504606b7.jpg,9
images--1-_jpeg.rf.05921b96ecb4e73d957f1f4bc0b216dd.jpg,1
0082757520007_A-3584198368_jpg.rf.f29f3fbb04a83113c1ff239c56814d73.jpg,2
Whole-Watermelon-1755578446_jpg.rf.f435b2f1f802e6062f9d44bd9576f95b.jpg,4
single-whole-watermelon-isolated-white-background-whole-watermelon-isolated-127565677-1763736568_jpg.rf.d451537240fa4a3c1b742f21478b74ae.jpg,5
images--4-_jpeg.rf.957d9e29992110fbba5eca7279f56915.jpg,6
images--16-_jpeg.rf.8286789411522e8f9c86d3acd2f95f5c.jpg,6
images--26-_jpeg.rf.d14daf9bd0736c2ca6483edce505bef3.jpg,6
download--4-_jpeg.rf.ad2d02bb8600a9f49d5b25c345087990.jpg,7
images--19-_jpeg.rf.7446daa66f591f56bdd4010cdd045306.jpg,8
watermelon_x1-1125691327_jpg.rf.2497cdece04220f819dad4723e256d79.jpg,8
Image_26.jpg,3
Image_36.jpg,5
Image_56.jpg,6
Image_67.jpg,5
Image_84.jpg,3
Image_94.jpg,2
